"Reference","Value","Footprint","Qty","DNP","Generic Allowed?","LCSC#","Manufacturer","Part number","Description","cost"
"X1","25Mhz","Oscillator:Oscillator_SMD_SeikoEpson_SG8002CE-4Pin_3.2x2.5mm","1","","no","C5179998","SCTF","SX3V25.000B20100F30TNN","CMOS Clock Oscillator","1.49"
"U20","LNK306D","Package_SO:PowerIntegrations_SO-8C","1","","no","C394187","POWER INTEGRATIONS","LNK306DG-TL","LinkSwitch-TN Family, 360mA Output Current, SO-8C","0.62"
"U15,U16,U19","PC-817S1-CTP1-F","footprints:PC-817S1-CTP1-F","3","","yes","C42368115","HENGTUO","PC-817S1-CTP1-F","DC Optocoupler, Vce 35V, DIP-4","0.03"
"U12,U13,U14","OPA4323IPWR","Package_SO:TSSOP-14_4.4x5mm_P0.65mm","3","","no","C22419728","TI","OPA4323IPWR","Quad Single-Supply, Rail-to-Rail Operational Amplifier, MicroAmplifier Series, SOIC-14","0.87"
"U10","TPS54202DDC","Package_TO_SOT_SMD:SOT-23-6","1","","no","C191884","TI","TPS54202DDCR","2A, 4.5 to 28V Input, EMI Friendly integrated switch synchronous step-down regulator, pulse-skipping, SOT-23-6","0.10"
"U9","74LVC1G126","Package_TO_SOT_SMD:SOT-353_SC-70-5","1","","yes","C48391411","GR","74LVC1G126CT05ARCQ","Single Buffer Gate Tri-State, Low-Voltage CMOS","0.03"
"U6,U21","TLV75733PDBV","Package_TO_SOT_SMD:SOT-23-5","2","","yes","C485517","TI","TLV75733PDBVR","1A Low IQ Small Size Low Dropout Voltage Regulator, Fixed Output 3.3V, SOT-23-5","0.17"
"U5,U7,U8","CA_IS3741HW","Package_SO:SOIC-16W_7.5x10.3mm_P1.27mm","3","","no","C428890","Chipanalog","CA-IS3741HW","General-purpose, quad-channel, 3/1 digital isolator","0.70"
"U3,U4","SP491EEN-L/TR","Package_SO:SOIC-14_3.9x8.7mm_P1.27mm","2","","no","C32476","MaxLinear","SP491EEN-L/TR","RS485 transceiver, full duplex, receiver/driver enable, 50Mbps, SOIC-14 package","0.47"
"U2,U17,U18","IPM","footprints:DIP39_54.5X31.0_MODGC_OSI","3","DNP","no","","ONSEMI","","",""
"U1","STM32G474QET6","footprints:QFP40P1600X1600X160-128N","1","","no","C730129","STM","STM32G474QET6","","9.836"
"TP14","GND","TestPoint:TestPoint_THTPad_D2.0mm_Drill1.0mm","1","DNP","","","","","test point",""
"TP13","24V_ISO","TestPoint:TestPoint_Pad_D2.0mm","1","DNP","","","","","test point",""
"TP7","3.3VA","TestPoint:TestPoint_Pad_D2.0mm","1","DNP","","","","","test point",""
"TP6","3.3V","TestPoint:TestPoint_Pad_D2.0mm","1","DNP","","","","","test point",""
"TP5","5V_ISO","TestPoint:TestPoint_Pad_D2.0mm","1","DNP","","","","","test point",""
"TP3","5V","TestPoint:TestPoint_Pad_D2.0mm","1","DNP","","","","","test point",""
"TP2,TP8,TP9,TP10,TP11,TP12","GND1","TestPoint:TestPoint_THTPad_D2.0mm_Drill1.0mm","6","DNP","","","","","test point",""
"TP1","GATE_SUPPLY","TestPoint:TestPoint_Pad_D2.0mm","1","DNP","","","","","test point",""
"R82,R83,R84","750k","Resistor_SMD:R_1206_3216Metric","3","","yes, 1%, 200v","C137235","YAGEO","RC1206FR-07750KL","Resistor, US symbol","0.004"
"R37,R42,R47,R52,R57,R62,R67,R72,R77","50","Resistor_SMD:R_0402_1005Metric","9","","yes","C477760","YAGEO","RC0402JR-0750RL","Resistor, US symbol","0.0007"
"R30,R31,R86,R91,R96,R132,R133,R135,R141,R142,R143,R146,R148,R150","10k","Resistor_SMD:R_0402_1005Metric","14","","yes","C60490","YAGEO","RC0402FR-0710KL","Resistor, US symbol","0.0007"
"R23","560k","Resistor_SMD:R_0402_1005Metric","1","DNP","yes","C137958","YAGEO","RC0402FR-07560KL","Resistor, US symbol","0.0007"
"R22","13.3k","Resistor_SMD:R_0402_1005Metric","1","","yes, 1% or better","C274352","YAGEO","RC0402FR-0713K3L","Resistor, US symbol","0.0007"
"R21,R24,R120","100k","Resistor_SMD:R_0402_1005Metric","3","-- mixed values --","yes","C60491","YAGEO","RC0402FR-07100KL","Resistor, US symbol","0.0007"
"R16,R99,R137,R147,R149,R153,R154,R155,R156","0","Resistor_SMD:R_0402_1005Metric","9","-- mixed values --","yes","C106231","YAGEO","RC0402FR-070RL","Resistor, US symbol","0.0007"
"R15,R17,R18,R19,R20,R29,R32,R33,R34,R38,R39,R43,R44,R48,R49,R53,R54,R58,R59,R63,R64,R68,R69,R73,R74,R78,R85,R87,R88,R89,R90,R92,R93,R94,R95,R128,R129,R130,R131,R134,R136,R144,R145,R152","1k","Resistor_SMD:R_0402_1005Metric","44","","yes, 1% or better","C106235","YAGEO","RC0402FR-071KL","Resistor, US symbol","0.0007"
"R9,R10,R11,R12,R13,R14,R108,R109,R110,R111,R112,R113,R122,R123,R124,R125,R126,R127","5m","Resistor_SMD:R_1206_3216Metric","18","","yes, 1% or better","C7419996","FOJAN","FRM121WFR005TM","Resistor, US symbol","0.03"
"R7,R25,R26,R27,R28,R35,R36,R40,R41,R45,R46,R50,R51,R55,R56,R60,R61,R65,R66,R70,R71,R75,R76,R79,R80,R81,R106","12.1k","Resistor_SMD:R_0402_1005Metric","27","","yes, 1% or better","C132157","YAGEO","RC0402FR-0712K1L","Resistor, US symbol","0.0007"
"R1,R2,R3,R4,R5,R6,R8,R97,R98,R100,R101,R102,R103,R104,R105,R107,R114,R115,R116,R117,R118,R119,R121","120","Resistor_SMD:R_0402_1005Metric","23","","yes","C114758","YAGEO"," RC0402FR-07120RL","-- mixed values --","0.0008"
"Q1","BSS83P","Package_TO_SOT_SMD:SOT-23","1","","yes","C7472872","TECH PUBLIC","BSS83P","-0.33A Id, -60V Vds, P-Channel MOSFET, SOT-23","0.06"
"PS1","F0505S-1W","footprints:Converter_DCDC_FXXS-1W","1","DNP","yes","C2992398","YLPTEC","F0505S-1WR3","","0.92"
"M1","Fan_4pin","Connector_PinHeader_2.54mm:PinHeader_1x04_P2.54mm_Vertical","1","DNP","","","","","Fan, tacho output, PWM input, 4-pin connector",""
"L9","L","Inductor_THT:L_Radial_D7.2mm_P3.00mm_Murata_1700","1","DNP","yes","C5119606","PROD Tech","PDPTAT0608-102K","Inductor","0.07"
"L7,L8","220nH","footprints:MS1050","2","","yes","C18337500","COILMX","MS1050-R22M","Inductor","0.14"
"L5","15uH","footprints:CY54_INDUCTOR","1","","yes","C2929432","SHOU HAN","CY54-15UH","Inductor","0.05"
"L1,L2,L3,L4","L_Ferrite_Coupled","footprints:SMD-4P,2x1.2mm","4","","yes","C3020807","CND-tek","CND-WCM0805M801-2","Coupled inductor with ferrite core","0.02"
"J8","STO","Connector_PinHeader_2.54mm:PinHeader_1x05_P2.54mm_Vertical","1","DNP","","","","","Generic connector, single row, 01x05, script generated",""
"J7","DC BUS","footprints:DB3ERC-7.62-2P","1","DNP","no","C7422678","DORABO","DB3ERC-7.62-2P-GN","Generic screw terminal, single row, 01x02, script generated (kicad-library-utils/schlib/autogen/connector/)","0.56"
"J6","MOTOR_C","footprints:DB3ERC-7.62-3P","1","DNP","no","C7422679","DORABO","DB3ERC-7.62-3P-GN","Generic screw terminal, single row, 01x03, script generated (kicad-library-utils/schlib/autogen/connector/)","0.79"
"J5","MOTOR_B","footprints:DB3ERC-7.62-3P","1","DNP","no","C7422679","DORABO","DB3ERC-7.62-3P-GN","Generic screw terminal, single row, 01x03, script generated (kicad-library-utils/schlib/autogen/connector/)","0.79"
"J4","MOTOR_A","footprints:DB3ERC-7.62-3P","1","DNP","no","C7422679","DORABO","DB3ERC-7.62-3P-GN","Generic screw terminal, single row, 01x03, script generated (kicad-library-utils/schlib/autogen/connector/)","0.79"
"J1","8P8C_LED_Shielded_x2","footprints:RJ45_XDRJ-1609-002","1","DNP","yes","C7498193","Lian Xin Technology","XDRJ-1609-002","RJ connector, 8P8C (8 positions 8 connected), two LEDs, RJ45, Shielded, two ports","1.08"
"FB1,FB2,FB5,FB6,FB7,FB8,FB9,FB10","0","Inductor_SMD:L_0805_2012Metric","8","","yes","C2907288","FOJAN","FRC0805P000 TS","Ferrite bead","0.0015"
"D52,D53","ES1J","Diode_SMD:D_SMA","2","","yes","C908655","GOODWORK","ES1J","Diode","0.01"
"D13,D14,D15,D16,D17,D18,D19,D20,D21,D22,D23,D24,D25,D26,D27,D28,D29,D30,D32,D34,D38,D48","BAT54SLT1G","Package_TO_SOT_SMD:SOT-23","22","","yes","C12765","LRC","LBAT54SLT1G","Dual diode, anode/cathode/center","0.01"
"D9,D10,D11,D12,D31,D33,D36,D39,D50,D51,D54","LED","LED_SMD:LED_0603_1608Metric","11","","yes","C965804","XINGLIGHT","XL-1608UGC-04","LED, emerald green","0.005"
"D5,D6,D7,D8,D35,D37,D49","SM712","Package_TO_SOT_SMD:SOT-23","7","","yes","C5199207","ElecSuper","CDSOT23-SM712-ES","Bidirectional dual transient-voltage-suppression diode, center on pin 3","0.03"
"D1,D2,D3,D4,D40,D41,D42,D43,D44,D45,D46,D47","22v","Diode_SMD:D_SMA","12","","yes","C7440711","XCH","SMA2Z22A","Zener diode","0.07"
"C130","1uf","Capacitor_THT:C_Rect_L26.5mm_W10.5mm_P22.50mm_MKS4","1","DNP","yes","C2928857","KYET","MPB105J2J2201","Unpolarized capacitor","0.23"
"C120,C123,C201,C202,C203","1uf","Capacitor_SMD:C_0402_1005Metric","5","","yes","C14445","Samsung Electro-Mechanics","CL05A105KP5NNNC","Unpolarized capacitor","0.0017"
"C60,C65,C71,C77,C83,C89,C96,C102,C108,C126,C127","100pf","Capacitor_SMD:C_0402_1005Metric","11","","yes","C106200","YAGEO","CC0402JRNPO9BN101","Unpolarized capacitor","0.0011"
"C54,C55,C58,C59,C62,C63,C66,C68,C69,C72,C74,C75,C78,C80,C81,C84,C86,C87,C91,C93,C94,C97,C99,C100,C103,C105,C106","1.5pf","Capacitor_SMD:C_0402_1005Metric","27","-- mixed values --","yes","C282238","YAGEO","CC0402BRNPO9BN1R5","Unpolarized capacitor",""
"C53,C61,C67,C73,C79,C85,C92,C98,C104","C","Capacitor_SMD:C_0402_1005Metric","9","DNP","yes","","","","Unpolarized capacitor",""
"C52","220pf","Capacitor_THT:C_Disc_D9.0mm_W5.0mm_P10.00mm","1","DNP","yes","","","","Unpolarized capacitor",""
"C30","75pf","Capacitor_SMD:C_0402_1005Metric","1","","yes","C107010","YAGEO","CC0402JRNPO9BN750","Unpolarized capacitor","0.0011"
"C27,C34,C35,C128,C129,C153,C163,C177,C187","22uf","Capacitor_SMD:CP_Elec_6.3x5.9","9","","yes","C7471876","KNSCHA","189RV0014","Polarized capacitor","0.05"
"C24,C28,C29,C39,C40,C41,C110,C111,C204,C206","22uf","Capacitor_SMD:C_1206_3216Metric","10","","yes","C12891","Samsung Electro-Mechanics","CL31A226KAHNNNE","Unpolarized capacitor","0.04"
"C21,C131,C132,C133,C134,C135","10uf","footprints:C_Rect_L32mm_W16.0mm_P27.50mm","6","DNP","no","C48533427","XIAMEN FARATRONIC","D3D1U106KB00C00","Unpolarized capacitor","1.124"
"C17,C20,C159,C183,C196,C197","10nf","Capacitor_SMD:C_0402_1005Metric","6","","yes","C60133","YAGEO","CC0402KRX7R9BB103","Unpolarized capacitor","0.001"
"C16,C136,C157,C158,C181,C182,C207",".1uf","Capacitor_SMD:C_1812_4532Metric","7","","yes","C780707","HUI JU","NV1812B104K102CEMN","Unpolarized capacitor","0.1447"
"C8,C10,C12,C13,C14,C15,C18,C22,C23,C25,C26,C31,C32,C33,C37,C42,C43,C44,C56,C57,C64,C70,C76,C82,C88,C90,C95,C101,C107,C109,C112,C113,C114,C115,C116,C117,C118,C119,C121,C122,C124,C125,C138,C147,C149,C150,C152,C154,C155,C156,C160,C171,C173,C174,C176,C178,C179,C180,C184,C188,C189,C190,C191,C192,C193,C195,C198,C199,C200,C205",".1uf","Capacitor_SMD:C_0402_1005Metric","70","","yes","C105882","YAGEO","CC0402KRX5R9BB104","Unpolarized capacitor","0.003"
"C7,C9,C11,C36,C38,C139,C146,C148,C151,C161,C170,C172,C175,C185,C194","2.2uf","Capacitor_SMD:C_1206_3216Metric","15","","yes","C50254","Samsung Electro-Mechanics","CL31B225KBHNNNE","Unpolarized capacitor","0.03"
"C1,C2,C3,C4,C5,C6,C19,C140,C141,C142,C143,C144,C145,C162,C164,C165,C166,C167,C168,C169,C186","1nf","Capacitor_SMD:C_0402_1005Metric","21","","yes","C106205","YAGEO","CC0402KRX7R9BB102","Unpolarized capacitor","0.001"
