Ref,Val,Package,PosX,PosY,Rot,Side
"C21","10uf","C_Rect_L32mm_W16.0mm_P27.50mm",163.055000,-78.180000,0.000000,bottom
"C130","1uf","C_Rect_L26.5mm_W10.5mm_P22.50mm_MKS4",182.650000,-269.900000,180.000000,bottom
"C131","10uf","C_Rect_L32mm_W16.0mm_P27.50mm",190.510000,-119.770000,180.000000,bottom
"C132","10uf","C_Rect_L32mm_W16.0mm_P27.50mm",162.995000,-138.050000,0.000000,bottom
"C133","10uf","C_Rect_L32mm_W16.0mm_P27.50mm",190.455000,-179.630000,180.000000,bottom
"C134","10uf","C_Rect_L32mm_W16.0mm_P27.50mm",162.945000,-197.910000,0.000000,bottom
"C135","10uf","C_Rect_L32mm_W16.0mm_P27.50mm",190.395000,-239.510000,180.000000,bottom
"J1","8P8C_LED_Shielded_x2","RJ45_XDRJ-1609-002",165.880000,-54.590000,90.000000,bottom
"J4","MOTOR_A","DB3ERC-7.62-3P",183.640000,-87.535000,-90.000000,bottom
"J5","MOTOR_B","DB3ERC-7.62-3P",183.640000,-147.405000,-90.000000,bottom
"J6","MOTOR_C","DB3ERC-7.62-3P",183.640000,-207.275000,-90.000000,bottom
"J7","DC BUS","DB3ERC-7.62-2P",183.475000,-248.945000,-90.000000,bottom
"J8","STO","PinHeader_1x05_P2.54mm_Vertical",261.225000,-240.750000,90.000000,bottom
"L9","L","L_Radial_D7.2mm_P3.00mm_Murata_1700",192.500000,-258.500000,0.000000,bottom
"M1","Fan_4pin","PinHeader_1x04_P2.54mm_Vertical",218.940000,-46.110000,-90.000000,bottom
"PS1","F0505S-1W","Converter_DCDC_FXXS-1W",228.957500,-56.892500,180.000000,bottom
"U2","IPM","DIP39_54.5X31.0_MODGC_OSI",216.180000,-101.810000,180.000000,bottom
"U17","IPM","DIP39_54.5X31.0_MODGC_OSI",216.180000,-161.680000,180.000000,bottom
"U18","IPM","DIP39_54.5X31.0_MODGC_OSI",216.180000,-221.550000,180.000000,bottom
"C1","1nf","C_0402_1005Metric",236.240000,-121.810000,-90.000000,top
"C2","1nf","C_0402_1005Metric",236.240000,-109.610000,-90.000000,top
"C3","1nf","C_0402_1005Metric",236.240000,-97.410000,-90.000000,top
"C4","1nf","C_0402_1005Metric",232.040000,-86.610000,180.000000,top
"C5","1nf","C_0402_1005Metric",232.040000,-88.410000,180.000000,top
"C6","1nf","C_0402_1005Metric",232.040000,-90.210000,180.000000,top
"C7","2.2uf","C_1206_3216Metric",230.640000,-126.810000,-90.000000,top
"C8",".1uf","C_0402_1005Metric",232.250000,-126.930000,-90.000000,top
"C9","2.2uf","C_1206_3216Metric",230.640000,-114.810000,-90.000000,top
"C10",".1uf","C_0402_1005Metric",232.250000,-114.810000,-90.000000,top
"C11","2.2uf","C_1206_3216Metric",230.640000,-102.610000,-90.000000,top
"C12",".1uf","C_0402_1005Metric",232.250000,-102.610000,-90.000000,top
"C13",".1uf","C_0402_1005Metric",230.840000,-97.410000,180.000000,top
"C14",".1uf","C_0402_1005Metric",230.840000,-109.610000,180.000000,top
"C15",".1uf","C_0402_1005Metric",230.840000,-121.810000,180.000000,top
"C16",".1uf","C_1812_4532Metric",208.200000,-102.760000,90.000000,top
"C17","10nf","C_0402_1005Metric",232.040000,-91.910000,180.000000,top
"C18",".1uf","C_0402_1005Metric",232.240000,-78.610000,90.000000,top
"C19","1nf","C_0402_1005Metric",232.240000,-80.810000,90.000000,top
"C20","10nf","C_0402_1005Metric",232.040000,-83.010000,180.000000,top
"C22",".1uf","C_0402_1005Metric",254.440000,-56.360000,0.000000,top
"C23",".1uf","C_0402_1005Metric",244.140000,-56.387500,0.000000,top
"C24","22uf","C_1206_3216Metric",242.800000,-102.700000,90.000000,top
"C25",".1uf","C_0402_1005Metric",215.090000,-49.710000,180.000000,top
"C26",".1uf","C_0402_1005Metric",210.500000,-51.910000,-90.000000,top
"C27","22uf","CP_Elec_6.3x5.9",198.350000,-49.700000,90.000000,top
"C28","22uf","C_1206_3216Metric",210.090000,-48.210000,180.000000,top
"C29","22uf","C_1206_3216Metric",210.090000,-45.910000,180.000000,top
"C30","75pf","C_0402_1005Metric",214.490000,-46.410000,90.000000,top
"C31",".1uf","C_0402_1005Metric",254.140000,-58.010000,0.000000,top
"C32",".1uf","C_0402_1005Metric",243.340000,-58.010000,0.000000,top
"C33",".1uf","C_0402_1005Metric",232.590000,-58.010000,0.000000,top
"C34","22uf","CP_Elec_6.3x5.9",160.100000,-54.800000,90.000000,top
"C35","22uf","CP_Elec_6.3x5.9",221.540000,-51.010000,180.000000,top
"C36","2.2uf","C_1206_3216Metric",208.890000,-51.710000,-90.000000,top
"C37",".1uf","C_0402_1005Metric",238.740000,-57.910000,0.000000,top
"C38","2.2uf","C_1206_3216Metric",226.300000,-58.100000,90.000000,top
"C39","22uf","C_1206_3216Metric",250.500000,-99.800000,90.000000,top
"C40","22uf","C_1206_3216Metric",227.000000,-70.700000,-90.000000,top
"C41","22uf","C_1206_3216Metric",250.500000,-105.600000,90.000000,top
"C42",".1uf","C_0402_1005Metric",232.540000,-70.810000,0.000000,top
"C43",".1uf","C_0402_1005Metric",243.340000,-70.810000,0.000000,top
"C44",".1uf","C_0402_1005Metric",254.140000,-70.810000,0.000000,top
"C53","C","C_0402_1005Metric",255.412500,-81.130000,0.000000,top
"C54","1.5pf","C_0402_1005Metric",256.012500,-78.730000,90.000000,top
"C55","1.5pf","C_0402_1005Metric",255.012500,-78.730000,-90.000000,top
"C56",".1uf","C_0402_1005Metric",251.112500,-85.530000,-90.000000,top
"C57",".1uf","C_0402_1005Metric",257.412500,-77.730000,180.000000,top
"C58","1.5pf","C_0402_1005Metric",254.012500,-78.730000,-90.000000,top
"C59","1.5pf","C_0402_1005Metric",257.812500,-80.730000,-90.000000,top
"C60","100pf","C_0402_1005Metric",252.471371,-146.040657,45.000000,top
"C61","C","C_0402_1005Metric",253.412500,-81.130000,180.000000,top
"C62","1.5pf","C_0402_1005Metric",253.012500,-78.730000,90.000000,top
"C63","1.5pf","C_0402_1005Metric",251.012500,-80.730000,-90.000000,top
"C64",".1uf","C_0402_1005Metric",251.512500,-78.130000,0.000000,top
"C65","100pf","C_0402_1005Metric",249.642944,-146.464921,135.000000,top
"C66","1.5pf","C_0402_1005Metric",254.012500,-91.730000,90.000000,top
"C67","C","C_0402_1005Metric",253.412500,-89.930000,180.000000,top
"C68","1.5pf","C_0402_1005Metric",253.012500,-91.730000,-90.000000,top
"C69","1.5pf","C_0402_1005Metric",251.012500,-90.330000,90.000000,top
"C70",".1uf","C_0402_1005Metric",251.512500,-92.830000,0.000000,top
"C71","100pf","C_0402_1005Metric",251.057157,-145.050708,135.000000,top
"C72","1.5pf","C_0402_1005Metric",255.065203,-126.754100,-90.000000,top
"C73","C","C_0402_1005Metric",255.465203,-129.154100,0.000000,top
"C74","1.5pf","C_0402_1005Metric",256.065203,-126.754100,90.000000,top
"C75","1.5pf","C_0402_1005Metric",257.865203,-128.754100,-90.000000,top
"C76",".1uf","C_0402_1005Metric",257.465203,-125.754100,180.000000,top
"C77","100pf","C_0402_1005Metric",253.178478,-146.747764,45.000000,top
"C78","1.5pf","C_0402_1005Metric",254.066725,-126.754100,-90.000000,top
"C79","C","C_0402_1005Metric",253.466725,-129.154100,180.000000,top
"C80","1.5pf","C_0402_1005Metric",253.066725,-126.754100,90.000000,top
"C81","1.5pf","C_0402_1005Metric",251.065203,-128.754100,-90.000000,top
"C82",".1uf","C_0402_1005Metric",251.565203,-126.154100,0.000000,top
"C83","100pf","C_0402_1005Metric",248.935837,-147.172028,135.000000,top
"C84","1.5pf","C_0402_1005Metric",254.065203,-139.754100,90.000000,top
"C85","C","C_0402_1005Metric",253.465203,-137.954100,180.000000,top
"C86","1.5pf","C_0402_1005Metric",253.065203,-139.754100,-90.000000,top
"C87","1.5pf","C_0402_1005Metric",251.065203,-138.354100,90.000000,top
"C88",".1uf","C_0402_1005Metric",251.565203,-140.854100,0.000000,top
"C89","100pf","C_0402_1005Metric",243.420404,-152.828882,135.000000,top
"C90",".1uf","C_0402_1005Metric",251.166725,-133.554100,-90.000000,top
"C91","1.5pf","C_0402_1005Metric",255.462500,-186.607499,-90.000000,top
"C92","C","C_0402_1005Metric",255.862500,-189.007499,0.000000,top
"C93","1.5pf","C_0402_1005Metric",256.462500,-186.607499,90.000000,top
"C94","1.5pf","C_0402_1005Metric",258.262500,-188.607499,-90.000000,top
"C95",".1uf","C_0402_1005Metric",257.862500,-185.607499,180.000000,top
"C96","100pf","C_0402_1005Metric",241.016241,-162.586956,-135.000000,top
"C97","1.5pf","C_0402_1005Metric",254.462500,-186.607499,-90.000000,top
"C98","C","C_0402_1005Metric",253.862500,-189.007499,180.000000,top
"C99","1.5pf","C_0402_1005Metric",253.462500,-186.607499,90.000000,top
"C100","1.5pf","C_0402_1005Metric",251.462500,-188.607499,-90.000000,top
"C101",".1uf","C_0402_1005Metric",251.962500,-186.007499,0.000000,top
"C102","100pf","C_0402_1005Metric",248.228730,-147.879135,135.000000,top
"C103","1.5pf","C_0402_1005Metric",254.462500,-199.607499,90.000000,top
"C104","C","C_0402_1005Metric",253.862500,-197.807499,180.000000,top
"C105","1.5pf","C_0402_1005Metric",253.462500,-199.607499,-90.000000,top
"C106","1.5pf","C_0402_1005Metric",251.462500,-198.207499,90.000000,top
"C107",".1uf","C_0402_1005Metric",251.962500,-200.707499,0.000000,top
"C108","100pf","C_0402_1005Metric",240.309134,-161.879849,-135.000000,top
"C109",".1uf","C_0402_1005Metric",251.562500,-193.407499,-90.000000,top
"C110","22uf","C_1206_3216Metric",253.940000,-122.010000,180.000000,top
"C111","22uf","C_1206_3216Metric",257.640000,-145.510000,-90.000000,top
"C112",".1uf","C_0402_1005Metric",259.330307,-152.899593,-135.000000,top
"C113",".1uf","C_0402_1005Metric",254.239138,-147.808424,-135.000000,top
"C114",".1uf","C_0402_1005Metric",244.763907,-151.485379,-45.000000,top
"C115",".1uf","C_0402_1005Metric",239.955581,-156.293705,-45.000000,top
"C116",".1uf","C_0402_1005Metric",243.915379,-165.486093,45.000000,top
"C117",".1uf","C_0402_1005Metric",248.440862,-170.011577,45.000000,top
"C118",".1uf","C_0402_1005Metric",257.916093,-166.334622,135.000000,top
"C119",".1uf","C_0402_1005Metric",262.724419,-161.526296,135.000000,top
"C120","1uf","C_0402_1005Metric",247.521623,-148.586241,-45.000000,top
"C121",".1uf","C_0402_1005Metric",246.814517,-149.293348,-45.000000,top
"C122",".1uf","C_0402_1005Metric",246.178121,-150.636851,-135.000000,top
"C123","1uf","C_0402_1005Metric",245.471014,-149.929744,-135.000000,top
"C124",".1uf","C_0402_1005Metric",255.794773,-149.364059,-135.000000,top
"C125",".1uf","C_0402_1005Metric",256.501880,-150.071166,45.000000,top
"C126","100pf","C_0402_1005Metric",250.350051,-145.757814,-45.000000,top
"C127","100pf","C_0402_1005Metric",244.840000,-168.010000,90.000000,top
"C128","22uf","CP_Elec_6.3x5.9",225.040000,-108.510000,0.000000,top
"C129","22uf","CP_Elec_6.3x5.9",225.840000,-83.810000,90.000000,top
"C136",".1uf","C_1812_4532Metric",213.800000,-102.760000,90.000000,top
"C138",".1uf","C_0402_1005Metric",262.040000,-54.410000,-90.000000,top
"C139","2.2uf","C_1206_3216Metric",229.240000,-79.110000,180.000000,top
"C140","1nf","C_0402_1005Metric",236.180000,-157.280000,-90.000000,top
"C141","1nf","C_0402_1005Metric",231.980000,-146.480000,180.000000,top
"C142","1nf","C_0402_1005Metric",236.180000,-169.480000,-90.000000,top
"C143","1nf","C_0402_1005Metric",231.980000,-148.280000,180.000000,top
"C144","1nf","C_0402_1005Metric",236.180000,-181.680000,-90.000000,top
"C145","1nf","C_0402_1005Metric",231.980000,-150.080000,180.000000,top
"C146","2.2uf","C_1206_3216Metric",230.580000,-162.480000,-90.000000,top
"C147",".1uf","C_0402_1005Metric",232.230000,-162.480000,-90.000000,top
"C148","2.2uf","C_1206_3216Metric",230.580000,-174.680000,-90.000000,top
"C149",".1uf","C_0402_1005Metric",232.230000,-174.680000,-90.000000,top
"C150",".1uf","C_0402_1005Metric",236.040000,-153.210000,0.000000,top
"C151","2.2uf","C_1206_3216Metric",230.580000,-186.680000,-90.000000,top
"C152",".1uf","C_0402_1005Metric",232.230000,-186.780000,-90.000000,top
"C153","22uf","CP_Elec_6.3x5.9",224.980000,-168.380000,0.000000,top
"C154",".1uf","C_0402_1005Metric",230.780000,-157.280000,180.000000,top
"C155",".1uf","C_0402_1005Metric",230.780000,-169.480000,180.000000,top
"C156",".1uf","C_0402_1005Metric",230.780000,-181.680000,180.000000,top
"C157",".1uf","C_1812_4532Metric",208.200000,-162.630000,90.000000,top
"C158",".1uf","C_1812_4532Metric",213.800000,-162.630000,90.000000,top
"C159","10nf","C_0402_1005Metric",231.980000,-142.880000,180.000000,top
"C160",".1uf","C_0402_1005Metric",232.180000,-138.480000,90.000000,top
"C161","2.2uf","C_1206_3216Metric",229.180000,-138.980000,180.000000,top
"C162","1nf","C_0402_1005Metric",232.180000,-140.680000,90.000000,top
"C163","22uf","CP_Elec_6.3x5.9",225.780000,-143.680000,90.000000,top
"C164","1nf","C_0402_1005Metric",236.129352,-217.142400,-90.000000,top
"C165","1nf","C_0402_1005Metric",231.929352,-206.342400,180.000000,top
"C166","1nf","C_0402_1005Metric",236.129352,-229.342400,-90.000000,top
"C167","1nf","C_0402_1005Metric",231.929352,-208.142400,180.000000,top
"C168","1nf","C_0402_1005Metric",236.129352,-241.542400,-90.000000,top
"C169","1nf","C_0402_1005Metric",231.929352,-209.942400,180.000000,top
"C170","2.2uf","C_1206_3216Metric",230.529352,-222.342400,-90.000000,top
"C171",".1uf","C_0402_1005Metric",232.150000,-222.342400,-90.000000,top
"C172","2.2uf","C_1206_3216Metric",230.529352,-234.542400,-90.000000,top
"C173",".1uf","C_0402_1005Metric",232.150000,-234.542400,-90.000000,top
"C174",".1uf","C_0402_1005Metric",244.240000,-171.110000,0.000000,top
"C175","2.2uf","C_1206_3216Metric",230.529352,-246.542400,-90.000000,top
"C176",".1uf","C_0402_1005Metric",232.150000,-246.642400,-90.000000,top
"C177","22uf","CP_Elec_6.3x5.9",224.929352,-228.242400,0.000000,top
"C178",".1uf","C_0402_1005Metric",230.729352,-241.542400,180.000000,top
"C179",".1uf","C_0402_1005Metric",230.729352,-229.342400,180.000000,top
"C180",".1uf","C_0402_1005Metric",230.729352,-217.142400,180.000000,top
"C181",".1uf","C_1812_4532Metric",208.200000,-222.492400,90.000000,top
"C182",".1uf","C_1812_4532Metric",213.800000,-222.492400,90.000000,top
"C183","10nf","C_0402_1005Metric",231.929352,-202.742400,180.000000,top
"C184",".1uf","C_0402_1005Metric",232.129352,-198.342400,90.000000,top
"C185","2.2uf","C_1206_3216Metric",229.129352,-198.842400,180.000000,top
"C186","1nf","C_0402_1005Metric",232.129352,-200.542400,90.000000,top
"C187","22uf","CP_Elec_6.3x5.9",225.729352,-203.542400,90.000000,top
"C188",".1uf","C_0402_1005Metric",249.840000,-223.110000,180.000000,top
"C189",".1uf","C_0402_1005Metric",255.840000,-223.110000,180.000000,top
"C190",".1uf","C_0402_1005Metric",261.640000,-219.610000,0.000000,top
"C191",".1uf","C_0402_1005Metric",257.340000,-150.910000,-135.000000,top
"C192",".1uf","C_0402_1005Metric",262.340000,-168.110000,180.000000,top
"C193",".1uf","C_0402_1005Metric",260.140000,-166.060000,90.000000,top
"C194","2.2uf","C_1206_3216Metric",257.040000,-169.210000,0.000000,top
"C195",".1uf","C_0402_1005Metric",243.040000,-145.510000,0.000000,top
"C196","10nf","C_0402_1005Metric",231.940000,-151.810000,180.000000,top
"C197","10nf","C_0402_1005Metric",231.940000,-211.710000,180.000000,top
"C198",".1uf","C_0402_1005Metric",242.440000,-163.910000,45.000000,top
"C199",".1uf","C_0402_1005Metric",240.940000,-168.110000,180.000000,top
"C200",".1uf","C_0402_1005Metric",242.340000,-170.110000,180.000000,top
"C201","1uf","C_0402_1005Metric",249.540000,-132.710000,0.000000,top
"C202","1uf","C_0402_1005Metric",249.240000,-84.710000,0.000000,top
"C203","1uf","C_0402_1005Metric",249.940000,-192.610000,0.000000,top
"C204","22uf","C_1206_3216Metric",190.200000,-262.900000,-90.000000,top
"C205",".1uf","C_0402_1005Metric",196.400000,-251.600000,90.000000,top
"C206","22uf","C_1206_3216Metric",195.500000,-265.200000,0.000000,top
"C207",".1uf","C_1812_4532Metric",189.500000,-244.800000,180.000000,top
"D1","22v","D_SMA",225.940000,-126.410000,180.000000,top
"D2","22v","D_SMA",225.940000,-114.610000,180.000000,top
"D3","22v","D_SMA",225.940000,-102.310000,180.000000,top
"D4","22v","D_SMA",228.240000,-76.010000,180.000000,top
"D5","SM712","SOT-23",188.590000,-62.760000,0.000000,top
"D6","SM712","SOT-23",188.590000,-59.310000,0.000000,top
"D7","SM712","SOT-23",188.590000,-55.910000,0.000000,top
"D8","SM712","SOT-23",188.590000,-52.510000,0.000000,top
"D9","LED","LED_0603_1608Metric",238.640000,-46.410000,180.000000,top
"D10","LED","LED_0603_1608Metric",201.540000,-57.710000,180.000000,top
"D11","LED","LED_0603_1608Metric",198.000000,-270.500000,0.000000,top
"D12","LED","LED_0603_1608Metric",246.400000,-114.990000,0.000000,top
"D13","BAT54SLT1G","SOT-23",248.812500,-77.930000,-90.000000,top
"D14","BAT54SLT1G","SOT-23",248.812500,-81.930000,90.000000,top
"D15","BAT54SLT1G","SOT-23",244.358946,-81.930000,90.000000,top
"D16","BAT54SLT1G","SOT-23",244.358946,-77.930000,-90.000000,top
"D17","BAT54SLT1G","SOT-23",248.412500,-87.392500,-90.000000,top
"D18","BAT54SLT1G","SOT-23",248.412500,-91.330000,90.000000,top
"D19","BAT54SLT1G","SOT-23",248.865203,-125.954100,-90.000000,top
"D20","BAT54SLT1G","SOT-23",248.865203,-129.954100,90.000000,top
"D21","BAT54SLT1G","SOT-23",244.411649,-129.954100,90.000000,top
"D22","BAT54SLT1G","SOT-23",244.411649,-125.954100,-90.000000,top
"D23","BAT54SLT1G","SOT-23",248.465203,-135.416600,-90.000000,top
"D24","BAT54SLT1G","SOT-23",248.465203,-139.354100,90.000000,top
"D25","BAT54SLT1G","SOT-23",249.262500,-185.807499,-90.000000,top
"D26","BAT54SLT1G","SOT-23",249.262500,-189.807499,90.000000,top
"D27","BAT54SLT1G","SOT-23",244.808946,-189.807499,90.000000,top
"D28","BAT54SLT1G","SOT-23",244.808946,-185.807499,-90.000000,top
"D29","BAT54SLT1G","SOT-23",248.862500,-195.269999,-90.000000,top
"D30","BAT54SLT1G","SOT-23",248.862500,-199.207499,90.000000,top
"D31","LED","LED_0603_1608Metric",246.500000,-121.000000,0.000000,top
"D32","BAT54SLT1G","SOT-23",244.040000,-142.110000,90.000000,top
"D33","LED","LED_0603_1608Metric",244.690000,-177.110000,0.000000,top
"D34","BAT54SLT1G","SOT-23",250.740000,-217.310000,-90.000000,top
"D35","SM712","SOT-23",249.840000,-225.510000,90.000000,top
"D36","LED","LED_0603_1608Metric",248.240000,-217.410000,-90.000000,top
"D37","SM712","SOT-23",255.840000,-225.510000,90.000000,top
"D38","BAT54SLT1G","SOT-23",256.740000,-217.310000,-90.000000,top
"D39","LED","LED_0603_1608Metric",254.240000,-217.410000,-90.000000,top
"D40","22v","D_SMA",225.880000,-162.180000,180.000000,top
"D41","22v","D_SMA",225.880000,-174.480000,180.000000,top
"D42","22v","D_SMA",225.880000,-186.280000,180.000000,top
"D43","22v","D_SMA",228.180000,-135.880000,180.000000,top
"D44","22v","D_SMA",225.829352,-222.042400,180.000000,top
"D45","22v","D_SMA",225.829352,-234.342400,180.000000,top
"D46","22v","D_SMA",225.829352,-246.142400,180.000000,top
"D47","22v","D_SMA",228.129352,-195.742400,180.000000,top
"D48","BAT54SLT1G","SOT-23",262.440000,-229.910000,0.000000,top
"D49","SM712","SOT-23",262.540000,-217.110000,180.000000,top
"D50","LED","LED_0603_1608Metric",259.840000,-219.010000,-90.000000,top
"D51","LED","LED_0603_1608Metric",244.690000,-179.700000,0.000000,top
"D52","ES1J","D_SMA",188.200000,-251.400000,90.000000,top
"D53","ES1J","D_SMA",194.900000,-262.100000,0.000000,top
"D54","LED","LED_0603_1608Metric",245.100000,-96.600000,0.000000,top
"FB1","0","L_0805_2012Metric",172.340000,-61.610000,0.000000,top
"FB2","0","L_0805_2012Metric",172.040000,-49.210000,180.000000,top
"FB5","0","L_0805_2012Metric",220.640000,-104.310000,90.000000,top
"FB6","0","L_0805_2012Metric",225.190000,-89.710000,180.000000,top
"FB7","0","L_0805_2012Metric",220.580000,-164.180000,90.000000,top
"FB8","0","L_0805_2012Metric",225.190000,-149.510000,180.000000,top
"FB9","0","L_0805_2012Metric",220.529352,-224.042400,90.000000,top
"FB10","0","L_0805_2012Metric",225.340000,-209.460000,180.000000,top
"L1","L_Ferrite_Coupled","SMD-4P,2x1.2mm",191.840000,-62.760000,0.000000,top
"L2","L_Ferrite_Coupled","SMD-4P,2x1.2mm",191.840000,-59.310000,0.000000,top
"L3","L_Ferrite_Coupled","SMD-4P,2x1.2mm",191.840000,-55.910000,0.000000,top
"L4","L_Ferrite_Coupled","SMD-4P,2x1.2mm",191.840000,-52.510000,0.000000,top
"L5","15uH","CY54_INDUCTOR",204.800000,-50.300000,90.000000,top
"L7","220nH","MS1050",177.840000,-243.710000,90.000000,top
"L8","220nH","MS1050",163.440000,-250.810000,90.000000,top
"Q1","BSS83P","SOT-23",262.740000,-225.010000,-90.000000,top
"R1","120","R_0402_1005Metric",236.240000,-119.810000,-90.000000,top
"R2","120","R_0402_1005Metric",236.240000,-107.645000,-90.000000,top
"R3","120","R_0402_1005Metric",236.240000,-95.410000,-90.000000,top
"R4","120","R_0402_1005Metric",236.640000,-90.210000,180.000000,top
"R5","120","R_0402_1005Metric",236.640000,-88.410000,180.000000,top
"R6","120","R_0402_1005Metric",236.640000,-86.610000,180.000000,top
"R7","5.1k","R_0402_1005Metric",232.040000,-92.910000,0.000000,top
"R8","120","R_0402_1005Metric",236.640000,-81.210000,0.000000,top
"R9","5m","R_1206_3216Metric",205.040000,-86.630000,0.000000,top
"R10","5m","R_1206_3216Metric",205.040000,-88.990000,180.000000,top
"R11","5m","R_1206_3216Metric",205.040000,-81.230000,0.000000,top
"R12","5m","R_1206_3216Metric",205.040000,-83.610000,180.000000,top
"R13","5m","R_1206_3216Metric",205.040000,-75.830000,0.000000,top
"R14","5m","R_1206_3216Metric",205.040000,-78.230000,180.000000,top
"R15","1k","R_0402_1005Metric",247.300000,-95.000000,90.000000,top
"R17","1k","R_0402_1005Metric",166.740000,-61.510000,180.000000,top
"R18","1k","R_0402_1005Metric",166.140000,-47.710000,180.000000,top
"R19","1k","R_0402_1005Metric",182.340000,-60.110000,-90.000000,top
"R20","1k","R_0402_1005Metric",186.840000,-50.210000,180.000000,top
"R21","100k","R_0402_1005Metric",215.440000,-46.410000,90.000000,top
"R22","13.3k","R_0402_1005Metric",214.940000,-47.810000,0.000000,top
"R23","560k","R_0402_1005Metric",214.790000,-54.560000,-90.000000,top
"R24","100k","R_0402_1005Metric",214.940000,-48.760000,0.000000,top
"R29","1k","R_0402_1005Metric",237.640000,-47.810000,180.000000,top
"R30","10k","R_0402_1005Metric",199.040000,-57.710000,180.000000,top
"R31","10k","R_0402_1005Metric",199.100000,-266.000000,90.000000,top
"R32","1k","R_0402_1005Metric",245.600000,-116.790000,180.000000,top
"R33","1k","R_0402_1005Metric",246.612500,-80.930000,-90.000000,top
"R34","1k","R_0402_1005Metric",246.612500,-78.930000,-90.000000,top
"R35","12.1k","R_0402_1005Metric",256.812500,-80.730000,-90.000000,top
"R36","12.1k","R_0402_1005Metric",257.412500,-78.730000,0.000000,top
"R37","50","R_0402_1005Metric",254.097716,-144.414311,-135.000000,top
"R38","1k","R_0402_1005Metric",242.158946,-78.930000,90.000000,top
"R39","1k","R_0402_1005Metric",242.158946,-80.930000,90.000000,top
"R40","12.1k","R_0402_1005Metric",252.012500,-80.730000,-90.000000,top
"R41","12.1k","R_0402_1005Metric",251.512500,-79.130000,180.000000,top
"R42","50","R_0402_1005Metric",248.016598,-144.838575,-45.000000,top
"R43","1k","R_0402_1005Metric",246.212500,-90.330000,-90.000000,top
"R44","1k","R_0402_1005Metric",246.212500,-88.430000,-90.000000,top
"R45","12.1k","R_0402_1005Metric",252.012500,-90.330000,90.000000,top
"R46","12.1k","R_0402_1005Metric",251.512500,-91.830000,180.000000,top
"R47","50","R_0402_1005Metric",251.764264,-144.343601,-45.000000,top
"R48","1k","R_0402_1005Metric",246.665203,-128.954100,-90.000000,top
"R49","1k","R_0402_1005Metric",246.665203,-126.954100,-90.000000,top
"R50","12.1k","R_0402_1005Metric",256.865203,-128.754100,-90.000000,top
"R51","12.1k","R_0402_1005Metric",257.465203,-126.754100,0.000000,top
"R52","50","R_0402_1005Metric",254.804823,-145.121418,-135.000000,top
"R53","1k","R_0402_1005Metric",242.211649,-126.954100,90.000000,top
"R54","1k","R_0402_1005Metric",242.211649,-128.954100,90.000000,top
"R55","12.1k","R_0402_1005Metric",252.065203,-128.754100,-90.000000,top
"R56","12.1k","R_0402_1005Metric",251.565203,-127.154100,180.000000,top
"R57","50","R_0402_1005Metric",247.309491,-145.545682,-45.000000,top
"R58","1k","R_0402_1005Metric",246.265203,-138.354100,-90.000000,top
"R59","1k","R_0402_1005Metric",246.265203,-136.454100,-90.000000,top
"R60","12.1k","R_0402_1005Metric",252.065203,-138.354100,90.000000,top
"R61","12.1k","R_0402_1005Metric",251.565203,-139.854100,180.000000,top
"R62","50","R_0402_1005Metric",243.208272,-150.778272,-135.000000,top
"R63","1k","R_0402_1005Metric",247.062500,-188.807499,-90.000000,top
"R64","1k","R_0402_1005Metric",247.062500,-186.807499,-90.000000,top
"R65","12.1k","R_0402_1005Metric",257.262500,-188.607499,-90.000000,top
"R66","12.1k","R_0402_1005Metric",257.862500,-186.607499,0.000000,top
"R67","50","R_0402_1005Metric",241.723348,-163.294062,45.000000,top
"R68","1k","R_0402_1005Metric",242.608946,-186.807499,90.000000,top
"R69","1k","R_0402_1005Metric",242.608946,-188.807499,90.000000,top
"R70","12.1k","R_0402_1005Metric",252.462500,-188.607499,-90.000000,top
"R71","12.1k","R_0402_1005Metric",251.962500,-187.007499,180.000000,top
"R72","50","R_0402_1005Metric",246.602385,-146.252789,-45.000000,top
"R73","1k","R_0402_1005Metric",246.662500,-198.207499,-90.000000,top
"R74","1k","R_0402_1005Metric",246.662500,-196.307499,-90.000000,top
"R75","12.1k","R_0402_1005Metric",252.462500,-198.207499,90.000000,top
"R76","12.1k","R_0402_1005Metric",251.962500,-199.707499,180.000000,top
"R77","50","R_0402_1005Metric",239.602027,-161.172742,45.000000,top
"R78","1k","R_0402_1005Metric",246.600000,-119.400000,180.000000,top
"R79","12.1k","R_0402_1005Metric",255.229087,-146.818474,-45.000000,top
"R80","12.1k","R_0402_1005Metric",255.087666,-148.656952,45.000000,top
"R81","10k","R_0402_1005Metric",243.540000,-139.510000,180.000000,top
"R82","750k","R_1206_3216Metric",198.240000,-130.210000,0.000000,top
"R83","750k","R_1206_3216Metric",202.840000,-130.210000,0.000000,top
"R84","750k","R_1206_3216Metric",207.440000,-130.210000,0.000000,top
"R85","1k","R_0402_1005Metric",238.100000,-125.500000,90.000000,top
"R86","10k","R_0402_1005Metric",237.200000,-123.500000,180.000000,top
"R87","1k","R_0402_1005Metric",248.640000,-227.910000,0.000000,top
"R88","1k","R_0402_1005Metric",248.540000,-222.110000,180.000000,top
"R89","1k","R_0402_1005Metric",251.040000,-227.910000,180.000000,top
"R90","1k","R_0402_1005Metric",251.240000,-222.110000,0.000000,top
"R91","10k","R_0402_1005Metric",259.840000,-216.410000,90.000000,top
"R92","1k","R_0402_1005Metric",254.640000,-227.910000,0.000000,top
"R93","1k","R_0402_1005Metric",257.040000,-227.910000,180.000000,top
"R94","1k","R_0402_1005Metric",254.540000,-222.110000,180.000000,top
"R95","1k","R_0402_1005Metric",257.240000,-222.110000,0.000000,top
"R96","10k","R_0402_1005Metric",263.540000,-219.610000,180.000000,top
"R97","120","R_0402_1005Metric",250.190000,-51.960000,90.000000,top
"R98","120","R_0402_1005Metric",239.940000,-51.937500,90.000000,top
"R99","0","R_0402_1005Metric",244.763907,-149.222638,-135.000000,top
"R100","120","R_0402_1005Metric",236.180000,-179.680000,-90.000000,top
"R101","120","R_0402_1005Metric",236.180000,-167.530000,-90.000000,top
"R102","120","R_0402_1005Metric",236.180000,-155.280000,-90.000000,top
"R103","120","R_0402_1005Metric",236.580000,-150.080000,180.000000,top
"R104","120","R_0402_1005Metric",236.580000,-148.280000,180.000000,top
"R105","120","R_0402_1005Metric",236.580000,-146.480000,180.000000,top
"R106","5.1k","R_0402_1005Metric",234.040000,-153.510000,0.000000,top
"R107","120","R_0402_1005Metric",236.580000,-141.080000,0.000000,top
"R108","5m","R_1206_3216Metric",204.980000,-146.500000,0.000000,top
"R109","5m","R_1206_3216Metric",204.980000,-148.860000,180.000000,top
"R110","5m","R_1206_3216Metric",204.980000,-143.480000,0.000000,top
"R111","5m","R_1206_3216Metric",204.980000,-141.100000,180.000000,top
"R112","5m","R_1206_3216Metric",204.980000,-138.100000,0.000000,top
"R113","5m","R_1206_3216Metric",204.980000,-135.700000,180.000000,top
"R114","120","R_0402_1005Metric",236.129352,-239.542400,-90.000000,top
"R115","120","R_0402_1005Metric",236.129352,-227.342400,-90.000000,top
"R116","120","R_0402_1005Metric",236.140000,-215.210000,-90.000000,top
"R117","120","R_0402_1005Metric",236.529352,-209.942400,180.000000,top
"R118","120","R_0402_1005Metric",236.529352,-208.142400,180.000000,top
"R119","120","R_0402_1005Metric",236.529352,-206.342400,180.000000,top
"R120","5.1k","R_0402_1005Metric",244.240000,-172.110000,0.000000,top
"R121","120","R_0402_1005Metric",236.529352,-200.942400,0.000000,top
"R122","5m","R_1206_3216Metric",204.929352,-206.362400,0.000000,top
"R123","5m","R_1206_3216Metric",204.929352,-208.722400,180.000000,top
"R124","5m","R_1206_3216Metric",204.929352,-203.342400,0.000000,top
"R125","5m","R_1206_3216Metric",204.929352,-200.962400,180.000000,top
"R126","5m","R_1206_3216Metric",204.929352,-195.562400,0.000000,top
"R127","5m","R_1206_3216Metric",204.929352,-197.962400,180.000000,top
"R128","1k","R_0402_1005Metric",263.340000,-227.610000,0.000000,top
"R129","1k","R_0402_1005Metric",261.240000,-227.610000,0.000000,top
"R130","1k","R_0402_1005Metric",259.940000,-226.010000,-90.000000,top
"R131","1k","R_0402_1005Metric",259.940000,-224.010000,-90.000000,top
"R132","10k","R_0402_1005Metric",244.540000,-182.710000,-90.000000,top
"R133","10k","R_0402_1005Metric",243.540000,-182.710000,-90.000000,top
"R134","1k","R_0402_1005Metric",262.440000,-203.610000,0.000000,top
"R135","10k","R_0402_1005Metric",262.940000,-169.710000,0.000000,top
"R136","1k","R_0402_1005Metric",257.040000,-167.510000,180.000000,top
"R137","0","R_0402_1005Metric",260.540000,-169.110000,-90.000000,top
"R138","5.1k","R_0402_1005Metric",243.040000,-144.510000,0.000000,top
"R139","5.1k","R_0402_1005Metric",231.940000,-152.810000,0.000000,top
"R140","5.1k","R_0402_1005Metric",231.940000,-212.710000,0.000000,top
"R141","10k","R_0402_1005Metric",242.140000,-148.010000,0.000000,top
"R142","10k","R_0402_1005Metric",240.940000,-169.110000,0.000000,top
"R143","10k","R_0402_1005Metric",242.340000,-171.110000,0.000000,top
"R144","1k","R_0402_1005Metric",245.840000,-173.960000,90.000000,top
"R145","1k","R_0402_1005Metric",246.790000,-173.960000,90.000000,top
"R146","10k","R_0402_1005Metric",238.740000,-56.910000,0.000000,top
"R147","0","R_0402_1005Metric",244.240000,-174.410000,180.000000,top
"R148","10k","R_0402_1005Metric",244.240000,-175.510000,0.000000,top
"R149","0","R_0402_1005Metric",244.240000,-173.310000,0.000000,top
"R150","10k","R_0402_1005Metric",197.500000,-253.700000,-90.000000,top
"R151","120","R_0402_1005Metric",252.400000,-119.700000,-90.000000,top
"R152","1k","R_0402_1005Metric",196.400000,-253.700000,90.000000,top
"R153","0","R_0402_1005Metric",224.300000,-58.600000,-90.000000,top
"R154","0","R_0402_1005Metric",222.800000,-57.100000,180.000000,top
"R155","0","R_0402_1005Metric",222.800000,-55.600000,180.000000,top
"R156","0","R_0402_1005Metric",226.400000,-54.900000,0.000000,top
"U1","STM32G473QET6","QFP40P1600X1600X160-128N",251.340000,-158.910000,-135.000000,top
"U3","MAX13433EESD","SOIC-14_3.9x8.7mm_P1.27mm",254.440000,-51.310000,180.000000,top
"U4","MAX13433EESD","SOIC-14_3.9x8.7mm_P1.27mm",244.140000,-51.310000,180.000000,top
"U5","CA_IS3741HW","SOIC-16W_7.5x10.3mm_P1.27mm",257.940000,-64.410000,90.000000,top
"U6","TLV75733PDBV","SOT-23-5",246.900000,-99.800000,0.000000,top
"U7","CA_IS3741HW","SOIC-16W_7.5x10.3mm_P1.27mm",247.140000,-64.410000,90.000000,top
"U8","CA_IS3741HW","SOIC-16W_7.5x10.3mm_P1.27mm",236.340000,-64.410000,90.000000,top
"U9","74LVC1G126","SOT-353_SC-70-5",260.140000,-54.210000,90.000000,top
"U10","TPS54202DDC","SOT-23-6",214.027500,-51.910000,0.000000,top
"U12","OPA4323IPWR","TSSOP-14_4.4x5mm_P0.65mm",254.412500,-85.530000,-90.000000,top
"U13","OPA4323IPWR","TSSOP-14_4.4x5mm_P0.65mm",254.466725,-133.554100,-90.000000,top
"U14","OPA4323IPWR","TSSOP-14_4.4x5mm_P0.65mm",254.862500,-193.407499,-90.000000,top
"U15","PC-817S1-CTP1-F","DIP-4_W7.62mm_SMDSocket_SmallPads",249.640000,-209.910000,90.000000,top
"U16","PC-817S1-CTP1-F","DIP-4_W7.62mm_SMDSocket_SmallPads",255.640000,-209.910000,90.000000,top
"U19","PC-817S1-CTP1-F","DIP-4_W7.62mm_SMDSocket_SmallPads",261.640000,-209.910000,-90.000000,top
"U20","LNK306D","PowerIntegrations_SO-8C",193.100000,-251.300000,-90.000000,top
"U21","TLV75733PDBV","SOT-23-5",246.900000,-105.600000,0.000000,top
"X1","16Mhz","Oscillator_SMD_SeikoEpson_SG8002CE-4Pin_3.2x2.5mm",262.440000,-165.410000,90.000000,top
